request_creation_time;elb_status_code;target_status_code;time
2021-01-27T12:09:07.799000Z;200;200;2021-01-27T12:09:07.880742Z
2021-01-27T12:09:07.885000Z;200;200;2021-01-27T12:09:07.952135Z
2021-01-27T12:09:08.324000Z;200;200;2021-01-27T12:09:08.434913Z
2021-01-27T12:09:08.413000Z;200;200;2021-01-27T12:09:08.532042Z
2021-01-27T12:09:09.240000Z;200;200;2021-01-27T12:09:09.331940Z
2021-01-27T12:09:09.257000Z;200;200;2021-01-27T12:09:09.328193Z
2021-01-27T12:09:09.415000Z;200;200;2021-01-27T12:09:09.508346Z
2021-01-27T12:09:09.992000Z;200;200;2021-01-27T12:09:10.658875Z
2021-01-27T12:09:10.314000Z;200;200;2021-01-27T12:09:10.423405Z
2021-01-27T12:09:10.450000Z;200;200;2021-01-27T12:09:10.644674Z
2021-01-27T12:09:10.485000Z;200;200;2021-01-27T12:09:10.615185Z
2021-01-27T12:09:10.979000Z;200;200;2021-01-27T12:09:11.080695Z
2021-01-27T12:09:10.988000Z;200;200;2021-01-27T12:09:11.073800Z
2021-01-27T12:09:11.241000Z;200;200;2021-01-27T12:09:11.304051Z
2021-01-27T12:09:12.004000Z;200;200;2021-01-27T12:09:12.102874Z
2021-01-27T12:09:12.300000Z;200;200;2021-01-27T12:09:12.421810Z
2021-01-27T12:09:12.323000Z;200;200;2021-01-27T12:09:12.410785Z
2021-01-27T12:09:12.377000Z;200;200;2021-01-27T12:09:12.455753Z
2021-01-27T12:09:12.491000Z;200;200;2021-01-27T12:09:12.579827Z
2021-01-27T12:09:12.849000Z;200;200;2021-01-27T12:09:12.929470Z
2021-01-27T12:09:12.992000Z;200;200;2021-01-27T12:09:13.105215Z
2021-01-27T12:09:13.008000Z;200;200;2021-01-27T12:09:13.109105Z
2021-01-27T12:09:13.134000Z;200;200;2021-01-27T12:09:13.226556Z
2021-01-27T12:09:13.413000Z;200;200;2021-01-27T12:09:13.550735Z
2021-01-27T12:09:13.771000Z;200;200;2021-01-27T12:09:13.860972Z
2021-01-27T12:09:13.783000Z;200;200;2021-01-27T12:09:13.867640Z
2021-01-27T12:09:14.219000Z;200;200;2021-01-27T12:09:14.335952Z
2021-01-27T12:09:14.374000Z;200;200;2021-01-27T12:09:14.451069Z
2021-01-27T12:09:14.584000Z;200;200;2021-01-27T12:09:14.688606Z
2021-01-27T12:09:14.606000Z;200;200;2021-01-27T12:09:14.713909Z
2021-01-27T12:09:14.638000Z;200;200;2021-01-27T12:09:14.689398Z
2021-01-27T12:09:14.756000Z;502;502;2021-01-27T12:10:28.617050Z
2021-01-27T12:09:14.795000Z;200;200;2021-01-27T12:09:14.871624Z
2021-01-27T12:09:15.066000Z;200;200;2021-01-27T12:09:15.139442Z
2021-01-27T12:09:15.233000Z;200;200;2021-01-27T12:09:15.317888Z
2021-01-27T12:09:15.351000Z;200;200;2021-01-27T12:09:15.422880Z
2021-01-27T12:09:15.427000Z;200;200;2021-01-27T12:09:15.525251Z
2021-01-27T12:09:15.442000Z;200;200;2021-01-27T12:09:15.512587Z
2021-01-27T12:09:15.834000Z;200;200;2021-01-27T12:09:15.913410Z
2021-01-27T12:09:15.916000Z;200;200;2021-01-27T12:09:15.997825Z
2021-01-27T12:09:16.470000Z;200;200;2021-01-27T12:09:16.567271Z
2021-01-27T12:09:16.596000Z;200;200;2021-01-27T12:09:16.676179Z
2021-01-27T12:09:16.602000Z;200;200;2021-01-27T12:09:16.681389Z
2021-01-27T12:09:16.804000Z;200;200;2021-01-27T12:09:16.905573Z
2021-01-27T12:09:16.805000Z;200;200;2021-01-27T12:09:17.920142Z
2021-01-27T12:09:17.209000Z;200;200;2021-01-27T12:09:17.258556Z
2021-01-27T12:09:17.286000Z;200;200;2021-01-27T12:09:17.346616Z
2021-01-27T12:09:17.661000Z;200;200;2021-01-27T12:09:17.696287Z
2021-01-27T12:09:17.836000Z;200;200;2021-01-27T12:09:17.925787Z
2021-01-27T12:09:18.032000Z;200;200;2021-01-27T12:09:18.088046Z
2021-01-27T12:09:18.348000Z;200;200;2021-01-27T12:09:18.385493Z
2021-01-27T12:09:18.403000Z;200;200;2021-01-27T12:09:18.449664Z
2021-01-27T12:09:18.462000Z;200;200;2021-01-27T12:09:18.500012Z
2021-01-27T12:09:18.654000Z;200;200;2021-01-27T12:09:18.691270Z
2021-01-27T12:09:19.083000Z;200;200;2021-01-27T12:09:19.204083Z
2021-01-27T12:09:19.114000Z;200;200;2021-01-27T12:09:19.153775Z
2021-01-27T12:09:19.261000Z;200;200;2021-01-27T12:09:19.297026Z
2021-01-27T12:09:19.432000Z;200;200;2021-01-27T12:09:19.479849Z
2021-01-27T12:09:19.598000Z;200;200;2021-01-27T12:09:19.642678Z
2021-01-27T12:09:20.007000Z;200;200;2021-01-27T12:09:20.128573Z
2021-01-27T12:09:20.008000Z;200;200;2021-01-27T12:09:20.136746Z
2021-01-27T12:09:20.123000Z;200;200;2021-01-27T12:09:20.228133Z
2021-01-27T12:09:20.332000Z;200;200;2021-01-27T12:09:20.466348Z
2021-01-27T12:09:20.369000Z;200;200;2021-01-27T12:09:20.484147Z
2021-01-27T12:09:20.417000Z;200;200;2021-01-27T12:09:20.484360Z
2021-01-27T12:09:20.539000Z;200;200;2021-01-27T12:09:20.633360Z
2021-01-27T12:09:21.067000Z;200;200;2021-01-27T12:09:21.101399Z
2021-01-27T12:09:21.139000Z;200;200;2021-01-27T12:09:21.192005Z
2021-01-27T12:09:21.140000Z;200;200;2021-01-27T12:09:21.193255Z
2021-01-27T12:09:21.157000Z;200;200;2021-01-27T12:09:21.199704Z
2021-01-27T12:09:21.200000Z;200;200;2021-01-27T12:09:21.234159Z
2021-01-27T12:09:21.412000Z;200;200;2021-01-27T12:09:21.454234Z
2021-01-27T12:09:21.593000Z;200;200;2021-01-27T12:09:21.716157Z
2021-01-27T12:09:21.629000Z;200;200;2021-01-27T12:09:21.698263Z
2021-01-27T12:09:21.793000Z;200;200;2021-01-27T12:09:21.916581Z
2021-01-27T12:09:21.861000Z;200;200;2021-01-27T12:09:21.941192Z
2021-01-27T12:09:21.947000Z;200;200;2021-01-27T12:09:22.032766Z
2021-01-27T12:09:22.078000Z;200;200;2021-01-27T12:09:22.207996Z
2021-01-27T12:09:22.198000Z;200;200;2021-01-27T12:09:22.285275Z
2021-01-27T12:09:22.315000Z;200;200;2021-01-27T12:09:22.380166Z
2021-01-27T12:09:22.329000Z;200;200;2021-01-27T12:09:22.373304Z
2021-01-27T12:09:22.392000Z;200;200;2021-01-27T12:09:22.473500Z
2021-01-27T12:09:22.695000Z;200;200;2021-01-27T12:09:22.734245Z
2021-01-27T12:09:22.746000Z;200;200;2021-01-27T12:09:22.783264Z
2021-01-27T12:09:22.967000Z;200;200;2021-01-27T12:09:23.066902Z
2021-01-27T12:09:23.085000Z;200;200;2021-01-27T12:09:23.165324Z
2021-01-27T12:09:23.760000Z;200;200;2021-01-27T12:09:23.798563Z
2021-01-27T12:09:23.827000Z;200;200;2021-01-27T12:09:23.880114Z
2021-01-27T12:09:23.834000Z;200;200;2021-01-27T12:09:23.877492Z
2021-01-27T12:09:23.962000Z;200;200;2021-01-27T12:09:24.036859Z
2021-01-27T12:09:23.963000Z;200;200;2021-01-27T12:09:24.021520Z
2021-01-27T12:09:23.980000Z;200;200;2021-01-27T12:09:24.034048Z
2021-01-27T12:09:24.047000Z;200;200;2021-01-27T12:09:24.087179Z
2021-01-27T12:09:24.623000Z;200;200;2021-01-27T12:09:24.657862Z
2021-01-27T12:09:25.049000Z;200;200;2021-01-27T12:09:25.092148Z
2021-01-27T12:09:25.256000Z;200;200;2021-01-27T12:09:25.295827Z
2021-01-27T12:09:25.513000Z;200;200;2021-01-27T12:09:25.554028Z
2021-01-27T12:09:25.531000Z;200;200;2021-01-27T12:09:25.586179Z
2021-01-27T12:09:25.626000Z;200;200;2021-01-27T12:09:25.663661Z
2021-01-27T12:09:25.725000Z;200;200;2021-01-27T12:09:25.767892Z
2021-01-27T12:09:26.396000Z;200;200;2021-01-27T12:09:26.454206Z
2021-01-27T12:09:26.477000Z;200;200;2021-01-27T12:09:26.539938Z
2021-01-27T12:09:26.627000Z;200;200;2021-01-27T12:09:26.670818Z
2021-01-27T12:09:27.000000Z;200;200;2021-01-27T12:09:27.100211Z
2021-01-27T12:09:27.078000Z;200;200;2021-01-27T12:09:27.181386Z
2021-01-27T12:09:27.080000Z;200;200;2021-01-27T12:09:27.192581Z
2021-01-27T12:09:27.105000Z;200;200;2021-01-27T12:09:27.232272Z
2021-01-27T12:09:27.490000Z;200;200;2021-01-27T12:09:27.543663Z
2021-01-27T12:09:27.632000Z;200;200;2021-01-27T12:09:27.672169Z
2021-01-27T12:09:27.690000Z;200;200;2021-01-27T12:09:27.724924Z
2021-01-27T12:09:27.712000Z;200;200;2021-01-27T12:09:27.747340Z
2021-01-27T12:09:27.901000Z;200;200;2021-01-27T12:09:27.941196Z
2021-01-27T12:09:28.070000Z;200;200;2021-01-27T12:09:28.107321Z
2021-01-27T12:09:28.145000Z;200;200;2021-01-27T12:09:28.329152Z
2021-01-27T12:09:28.167000Z;200;200;2021-01-27T12:09:28.235507Z
2021-01-27T12:09:28.255000Z;200;200;2021-01-27T12:09:28.316376Z
2021-01-27T12:09:28.261000Z;200;200;2021-01-27T12:09:28.310507Z
2021-01-27T12:09:28.430000Z;200;200;2021-01-27T12:09:28.463371Z
2021-01-27T12:09:28.564000Z;200;200;2021-01-27T12:09:28.610879Z
2021-01-27T12:09:28.687000Z;200;200;2021-01-27T12:09:28.721681Z
2021-01-27T12:09:28.961000Z;200;200;2021-01-27T12:09:28.992863Z
2021-01-27T12:09:29.117000Z;200;200;2021-01-27T12:09:29.150547Z
2021-01-27T12:09:29.227000Z;200;200;2021-01-27T12:09:29.262469Z
2021-01-27T12:09:29.441000Z;200;200;2021-01-27T12:09:29.522141Z
2021-01-27T12:09:29.446000Z;200;200;2021-01-27T12:09:29.518145Z
2021-01-27T12:09:29.486000Z;200;200;2021-01-27T12:09:29.525568Z
2021-01-27T12:09:29.577000Z;200;200;2021-01-27T12:09:29.613770Z
2021-01-27T12:09:29.633000Z;200;200;2021-01-27T12:09:29.666010Z
2021-01-27T12:09:30.002000Z;200;200;2021-01-27T12:09:30.067654Z
2021-01-27T12:09:31.151000Z;200;200;2021-01-27T12:09:31.200266Z
2021-01-27T12:09:31.231000Z;200;200;2021-01-27T12:09:31.304095Z
2021-01-27T12:09:31.243000Z;200;200;2021-01-27T12:09:31.336987Z
2021-01-27T12:09:31.272000Z;200;200;2021-01-27T12:09:31.316939Z
2021-01-27T12:09:31.347000Z;200;200;2021-01-27T12:09:31.382234Z
2021-01-27T12:09:31.380000Z;200;200;2021-01-27T12:09:31.417330Z
2021-01-27T12:09:31.492000Z;200;200;2021-01-27T12:09:31.553311Z
2021-01-27T12:09:31.566000Z;200;200;2021-01-27T12:09:31.628161Z
2021-01-27T12:09:31.571000Z;200;200;2021-01-27T12:09:31.617624Z
2021-01-27T12:09:31.752000Z;200;200;2021-01-27T12:09:31.816759Z
2021-01-27T12:09:31.917000Z;200;200;2021-01-27T12:09:31.979806Z
2021-01-27T12:09:32.050000Z;200;200;2021-01-27T12:09:32.145953Z
2021-01-27T12:09:32.064000Z;200;200;2021-01-27T12:09:32.156555Z
2021-01-27T12:09:32.080000Z;200;200;2021-01-27T12:09:32.160674Z
2021-01-27T12:09:32.248000Z;200;200;2021-01-27T12:09:32.281077Z
2021-01-27T12:09:32.400000Z;200;200;2021-01-27T12:09:32.435174Z
2021-01-27T12:09:32.614000Z;200;200;2021-01-27T12:09:32.662909Z
2021-01-27T12:09:32.699000Z;200;200;2021-01-27T12:09:32.752369Z
2021-01-27T12:09:33.031000Z;200;200;2021-01-27T12:09:33.114810Z
2021-01-27T12:09:33.535000Z;200;200;2021-01-27T12:09:33.620223Z
2021-01-27T12:09:33.752000Z;200;200;2021-01-27T12:09:33.823970Z
2021-01-27T12:09:34.020000Z;200;200;2021-01-27T12:09:34.062833Z
2021-01-27T12:09:34.193000Z;200;200;2021-01-27T12:09:34.301334Z
2021-01-27T12:09:34.282000Z;200;200;2021-01-27T12:09:34.338741Z
2021-01-27T12:09:34.360000Z;200;200;2021-01-27T12:09:34.493158Z
2021-01-27T12:09:34.568000Z;200;200;2021-01-27T12:09:34.669834Z
2021-01-27T12:09:34.646000Z;200;200;2021-01-27T12:09:34.738145Z
2021-01-27T12:09:34.657000Z;200;200;2021-01-27T12:09:34.737790Z
2021-01-27T12:09:34.713000Z;200;200;2021-01-27T12:09:34.773204Z
2021-01-27T12:09:34.759000Z;200;200;2021-01-27T12:09:34.827945Z
2021-01-27T12:09:35.023000Z;200;200;2021-01-27T12:09:35.057634Z
2021-01-27T12:09:35.502000Z;200;200;2021-01-27T12:09:35.545671Z
2021-01-27T12:09:35.569000Z;200;200;2021-01-27T12:09:35.605053Z
2021-01-27T12:09:35.873000Z;200;200;2021-01-27T12:09:35.918962Z
2021-01-27T12:09:35.875000Z;200;200;2021-01-27T12:09:35.929417Z
2021-01-27T12:09:35.996000Z;200;200;2021-01-27T12:09:36.036862Z
2021-01-27T12:09:36.042000Z;200;200;2021-01-27T12:09:36.100479Z
2021-01-27T12:09:36.591000Z;200;200;2021-01-27T12:09:36.630363Z
2021-01-27T12:09:36.749000Z;200;200;2021-01-27T12:09:36.844459Z
2021-01-27T12:09:36.765000Z;200;200;2021-01-27T12:09:36.840262Z
2021-01-27T12:09:36.870000Z;200;200;2021-01-27T12:09:36.963691Z
2021-01-27T12:09:36.998000Z;200;200;2021-01-27T12:09:37.123959Z
2021-01-27T12:09:37.001000Z;200;200;2021-01-27T12:09:37.123803Z
2021-01-27T12:09:37.015000Z;200;200;2021-01-27T12:09:37.116850Z
2021-01-27T12:09:37.038000Z;200;200;2021-01-27T12:09:37.106286Z
2021-01-27T12:09:37.293000Z;200;200;2021-01-27T12:09:37.349175Z
2021-01-27T12:09:37.601000Z;200;200;2021-01-27T12:09:37.660744Z
2021-01-27T12:09:37.652000Z;200;200;2021-01-27T12:09:37.702425Z
2021-01-27T12:09:37.653000Z;200;200;2021-01-27T12:09:37.703095Z
2021-01-27T12:09:37.808000Z;200;200;2021-01-27T12:09:37.842578Z
2021-01-27T12:09:37.916000Z;200;200;2021-01-27T12:09:37.965818Z
2021-01-27T12:09:37.942000Z;200;200;2021-01-27T12:09:38.011576Z
2021-01-27T12:09:37.947000Z;200;200;2021-01-27T12:09:37.976457Z
2021-01-27T12:09:38.088000Z;200;200;2021-01-27T12:09:38.142672Z
2021-01-27T12:09:38.089000Z;200;200;2021-01-27T12:09:38.142301Z
2021-01-27T12:09:38.249000Z;200;200;2021-01-27T12:09:38.299379Z
2021-01-27T12:09:38.259000Z;200;200;2021-01-27T12:09:38.315001Z
2021-01-27T12:09:38.388000Z;200;200;2021-01-27T12:09:38.437886Z
2021-01-27T12:09:38.450000Z;200;200;2021-01-27T12:09:38.488416Z
2021-01-27T12:09:38.536000Z;200;200;2021-01-27T12:09:38.571812Z
2021-01-27T12:09:38.614000Z;200;200;2021-01-27T12:09:38.649900Z
2021-01-27T12:09:38.693000Z;200;200;2021-01-27T12:09:38.728389Z
2021-01-27T12:09:38.806000Z;200;200;2021-01-27T12:09:38.869479Z
2021-01-27T12:09:38.815000Z;200;200;2021-01-27T12:09:38.872122Z
2021-01-27T12:09:38.821000Z;200;200;2021-01-27T12:09:38.899868Z
2021-01-27T12:09:38.822000Z;200;200;2021-01-27T12:09:38.891464Z
2021-01-27T12:09:38.987000Z;200;200;2021-01-27T12:09:39.022687Z
2021-01-27T12:09:39.222000Z;200;200;2021-01-27T12:09:39.256880Z
2021-01-27T12:09:39.279000Z;200;200;2021-01-27T12:09:39.314168Z
2021-01-27T12:09:39.368000Z;200;200;2021-01-27T12:09:39.405260Z
2021-01-27T12:09:39.444000Z;200;200;2021-01-27T12:09:39.477171Z
2021-01-27T12:09:39.603000Z;200;200;2021-01-27T12:09:39.641983Z
2021-01-27T12:09:40.163000Z;200;200;2021-01-27T12:09:40.208154Z
2021-01-27T12:09:40.255000Z;200;200;2021-01-27T12:09:40.303721Z
2021-01-27T12:09:40.624000Z;200;200;2021-01-27T12:09:40.671360Z
2021-01-27T12:09:40.751000Z;200;200;2021-01-27T12:09:40.928353Z
2021-01-27T12:09:40.956000Z;200;200;2021-01-27T12:09:41.005254Z
2021-01-27T12:09:41.008000Z;200;200;2021-01-27T12:09:41.045296Z
2021-01-27T12:09:41.171000Z;200;200;2021-01-27T12:09:41.205204Z
2021-01-27T12:09:41.283000Z;200;200;2021-01-27T12:09:41.331458Z
2021-01-27T12:09:41.703000Z;200;200;2021-01-27T12:09:41.741384Z
2021-01-27T12:09:41.746000Z;200;200;2021-01-27T12:09:41.804553Z
2021-01-27T12:09:41.758000Z;200;200;2021-01-27T12:09:41.799532Z
2021-01-27T12:09:42.232000Z;200;200;2021-01-27T12:09:42.273428Z
2021-01-27T12:09:42.368000Z;200;200;2021-01-27T12:09:42.415925Z
2021-01-27T12:09:42.502000Z;200;200;2021-01-27T12:09:42.536170Z
2021-01-27T12:09:42.672000Z;200;200;2021-01-27T12:09:42.713456Z
2021-01-27T12:09:42.679000Z;200;200;2021-01-27T12:09:42.723647Z
2021-01-27T12:09:42.767000Z;200;200;2021-01-27T12:09:42.799772Z
2021-01-27T12:09:42.831000Z;200;200;2021-01-27T12:09:42.872866Z
2021-01-27T12:09:42.866000Z;200;200;2021-01-27T12:09:42.906989Z
2021-01-27T12:09:42.890000Z;200;200;2021-01-27T12:09:42.934780Z
2021-01-27T12:09:42.996000Z;200;200;2021-01-27T12:09:43.085437Z
2021-01-27T12:09:43.231000Z;200;200;2021-01-27T12:09:43.266067Z
2021-01-27T12:09:43.318000Z;200;200;2021-01-27T12:09:43.368111Z
2021-01-27T12:09:43.337000Z;200;200;2021-01-27T12:09:43.392633Z
2021-01-27T12:09:43.337000Z;200;200;2021-01-27T12:09:43.391049Z
2021-01-27T12:09:43.409000Z;200;200;2021-01-27T12:09:43.457674Z
2021-01-27T12:09:43.490000Z;200;200;2021-01-27T12:09:43.537520Z
2021-01-27T12:09:43.508000Z;200;200;2021-01-27T12:09:43.547643Z
2021-01-27T12:09:43.596000Z;200;200;2021-01-27T12:09:43.645305Z
2021-01-27T12:09:43.626000Z;200;200;2021-01-27T12:09:43.681333Z
2021-01-27T12:09:44.411000Z;200;200;2021-01-27T12:09:44.453997Z
2021-01-27T12:09:44.887000Z;200;200;2021-01-27T12:09:44.921335Z
2021-01-27T12:09:44.952000Z;200;200;2021-01-27T12:09:44.986492Z
2021-01-27T12:09:45.024000Z;200;200;2021-01-27T12:09:45.069481Z
2021-01-27T12:09:45.537000Z;200;200;2021-01-27T12:09:45.573521Z
2021-01-27T12:09:45.705000Z;200;200;2021-01-27T12:09:45.794501Z
2021-01-27T12:09:45.855000Z;200;200;2021-01-27T12:09:46.307603Z
2021-01-27T12:09:45.941000Z;200;200;2021-01-27T12:09:45.988110Z
2021-01-27T12:09:45.947000Z;200;200;2021-01-27T12:09:45.990029Z
2021-01-27T12:09:46.060000Z;200;200;2021-01-27T12:09:46.310554Z
2021-01-27T12:09:47.038000Z;200;200;2021-01-27T12:09:47.084006Z
2021-01-27T12:09:47.074000Z;200;200;2021-01-27T12:09:47.109983Z
2021-01-27T12:09:47.118000Z;200;200;2021-01-27T12:09:47.150182Z
2021-01-27T12:09:47.183000Z;200;200;2021-01-27T12:09:47.235486Z
2021-01-27T12:09:47.207000Z;200;200;2021-01-27T12:09:47.255702Z
2021-01-27T12:09:47.421000Z;200;200;2021-01-27T12:09:47.449543Z
2021-01-27T12:09:47.586000Z;200;200;2021-01-27T12:09:47.625280Z
2021-01-27T12:09:47.740000Z;200;200;2021-01-27T12:09:47.799984Z
2021-01-27T12:09:47.766000Z;200;200;2021-01-27T12:09:47.891323Z
2021-01-27T12:09:47.779000Z;200;200;2021-01-27T12:09:47.829034Z
2021-01-27T12:09:47.804000Z;200;200;2021-01-27T12:09:47.891394Z
2021-01-27T12:09:47.845000Z;200;200;2021-01-27T12:09:47.891788Z
2021-01-27T12:09:47.884000Z;200;200;2021-01-27T12:09:47.932777Z
2021-01-27T12:09:47.906000Z;200;200;2021-01-27T12:09:48.618739Z
2021-01-27T12:09:47.913000Z;200;200;2021-01-27T12:09:47.960482Z
2021-01-27T12:09:48.171000Z;200;200;2021-01-27T12:09:48.206176Z
2021-01-27T12:09:48.259000Z;200;200;2021-01-27T12:09:48.316961Z
2021-01-27T12:09:48.514000Z;200;200;2021-01-27T12:09:48.569276Z
2021-01-27T12:09:48.774000Z;200;200;2021-01-27T12:09:48.810650Z
2021-01-27T12:09:48.893000Z;200;200;2021-01-27T12:09:48.939056Z
2021-01-27T12:09:48.907000Z;200;200;2021-01-27T12:09:48.947371Z
2021-01-27T12:09:49.375000Z;200;200;2021-01-27T12:09:49.417460Z
2021-01-27T12:09:49.404000Z;200;200;2021-01-27T12:09:49.449785Z
2021-01-27T12:09:49.503000Z;200;200;2021-01-27T12:09:49.573684Z
2021-01-27T12:09:49.571000Z;200;200;2021-01-27T12:09:49.612654Z
2021-01-27T12:09:49.895000Z;200;200;2021-01-27T12:09:49.934812Z
2021-01-27T12:09:50.026000Z;200;200;2021-01-27T12:09:50.062431Z
2021-01-27T12:09:50.170000Z;200;200;2021-01-27T12:09:50.206225Z
2021-01-27T12:09:50.333000Z;200;200;2021-01-27T12:09:50.380140Z
2021-01-27T12:09:50.361000Z;200;200;2021-01-27T12:09:50.399068Z
2021-01-27T12:09:50.557000Z;200;200;2021-01-27T12:09:50.601180Z
2021-01-27T12:09:51.559000Z;200;200;2021-01-27T12:09:51.597988Z
2021-01-27T12:09:51.607000Z;200;200;2021-01-27T12:09:51.648714Z
2021-01-27T12:09:51.655000Z;200;200;2021-01-27T12:09:51.693191Z
2021-01-27T12:09:51.698000Z;200;200;2021-01-27T12:09:51.732183Z
2021-01-27T12:09:51.882000Z;200;200;2021-01-27T12:09:51.917737Z
2021-01-27T12:09:52.012000Z;200;200;2021-01-27T12:09:52.187208Z
2021-01-27T12:09:52.328000Z;200;200;2021-01-27T12:09:52.379322Z
2021-01-27T12:09:52.805000Z;200;200;2021-01-27T12:09:52.846128Z
2021-01-27T12:09:52.869000Z;200;200;2021-01-27T12:09:52.940966Z
2021-01-27T12:09:52.873000Z;200;200;2021-01-27T12:09:52.920029Z
2021-01-27T12:09:52.991000Z;200;200;2021-01-27T12:09:53.034939Z
2021-01-27T12:09:53.021000Z;200;200;2021-01-27T12:09:53.065310Z
2021-01-27T12:09:53.069000Z;200;200;2021-01-27T12:09:53.124115Z
2021-01-27T12:09:53.102000Z;200;200;2021-01-27T12:09:53.148124Z
2021-01-27T12:09:53.125000Z;200;200;2021-01-27T12:09:53.167068Z
2021-01-27T12:09:53.381000Z;200;200;2021-01-27T12:09:53.485161Z
2021-01-27T12:09:53.685000Z;200;200;2021-01-27T12:09:53.741147Z
2021-01-27T12:09:53.685000Z;200;200;2021-01-27T12:09:53.742407Z
2021-01-27T12:09:53.951000Z;200;200;2021-01-27T12:09:53.986850Z
2021-01-27T12:09:54.019000Z;200;200;2021-01-27T12:09:54.078031Z
2021-01-27T12:09:54.024000Z;200;200;2021-01-27T12:09:54.075642Z
2021-01-27T12:09:54.028000Z;200;200;2021-01-27T12:09:54.077014Z
2021-01-27T12:09:54.228000Z;200;200;2021-01-27T12:09:54.272620Z
2021-01-27T12:09:54.373000Z;200;200;2021-01-27T12:09:54.408463Z
2021-01-27T12:09:54.552000Z;200;200;2021-01-27T12:09:54.600601Z
2021-01-27T12:09:54.553000Z;200;200;2021-01-27T12:09:54.599220Z
2021-01-27T12:09:54.903000Z;200;200;2021-01-27T12:09:55.004686Z
2021-01-27T12:09:55.170000Z;200;200;2021-01-27T12:09:55.241118Z
2021-01-27T12:09:55.255000Z;200;200;2021-01-27T12:09:55.294728Z
2021-01-27T12:09:56.571000Z;200;200;2021-01-27T12:09:56.636166Z
2021-01-27T12:09:56.617000Z;200;200;2021-01-27T12:09:56.685802Z
2021-01-27T12:09:56.630000Z;200;200;2021-01-27T12:09:56.686483Z
2021-01-27T12:09:56.695000Z;200;200;2021-01-27T12:09:56.748987Z
2021-01-27T12:09:56.995000Z;200;200;2021-01-27T12:09:57.039290Z
2021-01-27T12:09:57.111000Z;200;200;2021-01-27T12:09:57.160120Z
2021-01-27T12:09:57.129000Z;200;200;2021-01-27T12:09:57.174939Z
2021-01-27T12:09:57.235000Z;200;200;2021-01-27T12:09:57.274486Z
2021-01-27T12:09:57.277000Z;200;200;2021-01-27T12:09:57.334573Z
2021-01-27T12:09:57.324000Z;200;200;2021-01-27T12:09:57.371741Z
2021-01-27T12:09:57.477000Z;200;200;2021-01-27T12:09:57.529413Z
2021-01-27T12:09:57.478000Z;200;200;2021-01-27T12:09:57.528073Z
2021-01-27T12:09:57.544000Z;200;200;2021-01-27T12:09:57.578351Z
2021-01-27T12:09:57.625000Z;200;200;2021-01-27T12:09:57.664068Z
2021-01-27T12:09:57.657000Z;200;200;2021-01-27T12:09:57.695636Z
2021-01-27T12:09:57.716000Z;200;200;2021-01-27T12:09:57.751829Z
2021-01-27T12:09:57.860000Z;200;200;2021-01-27T12:09:57.900080Z
2021-01-27T12:09:57.890000Z;200;200;2021-01-27T12:09:57.925457Z
2021-01-27T12:09:57.947000Z;200;200;2021-01-27T12:09:58.002000Z
2021-01-27T12:09:57.974000Z;200;200;2021-01-27T12:09:58.012007Z
2021-01-27T12:09:58.099000Z;200;200;2021-01-27T12:09:58.184512Z
2021-01-27T12:09:58.135000Z;200;200;2021-01-27T12:09:58.182420Z
2021-01-27T12:09:58.347000Z;200;200;2021-01-27T12:09:58.452609Z
2021-01-27T12:09:58.595000Z;200;200;2021-01-27T12:09:58.642028Z
2021-01-27T12:10:00.130000Z;200;200;2021-01-27T12:10:00.205798Z
2021-01-27T12:10:00.135000Z;200;200;2021-01-27T12:10:00.206550Z
2021-01-27T12:10:00.409000Z;200;200;2021-01-27T12:10:00.455927Z
2021-01-27T12:10:00.410000Z;200;200;2021-01-27T12:10:00.454540Z
2021-01-27T12:10:00.509000Z;200;200;2021-01-27T12:10:00.551852Z
2021-01-27T12:10:00.650000Z;200;200;2021-01-27T12:10:00.698830Z
2021-01-27T12:10:00.946000Z;200;200;2021-01-27T12:10:00.979865Z
2021-01-27T12:10:01.098000Z;200;200;2021-01-27T12:10:01.134069Z
2021-01-27T12:10:01.135000Z;200;200;2021-01-27T12:10:01.172097Z
2021-01-27T12:10:01.210000Z;200;200;2021-01-27T12:10:01.256652Z
2021-01-27T12:10:01.226000Z;200;200;2021-01-27T12:10:01.287650Z
2021-01-27T12:10:01.275000Z;200;200;2021-01-27T12:10:01.335437Z
2021-01-27T12:10:01.546000Z;200;200;2021-01-27T12:10:01.588127Z
2021-01-27T12:10:02.369000Z;200;200;2021-01-27T12:10:02.406098Z
2021-01-27T12:10:02.495000Z;200;200;2021-01-27T12:10:02.536156Z
2021-01-27T12:10:02.531000Z;200;200;2021-01-27T12:10:02.570767Z
2021-01-27T12:10:02.636000Z;200;200;2021-01-27T12:10:02.689492Z
2021-01-27T12:10:02.636000Z;200;200;2021-01-27T12:10:02.688842Z
2021-01-27T12:10:02.736000Z;200;200;2021-01-27T12:10:02.770796Z
2021-01-27T12:10:02.793000Z;200;200;2021-01-27T12:10:02.835071Z
2021-01-27T12:10:02.962000Z;200;200;2021-01-27T12:10:03.041387Z
2021-01-27T12:10:02.992000Z;200;200;2021-01-27T12:10:03.130722Z
2021-01-27T12:10:03.254000Z;200;200;2021-01-27T12:10:03.295656Z
2021-01-27T12:10:03.475000Z;200;200;2021-01-27T12:10:03.548207Z
2021-01-27T12:10:03.509000Z;200;200;2021-01-27T12:10:03.604837Z
2021-01-27T12:10:03.693000Z;200;200;2021-01-27T12:10:03.800588Z
2021-01-27T12:10:03.714000Z;200;200;2021-01-27T12:10:04.911328Z
2021-01-27T12:10:03.775000Z;200;200;2021-01-27T12:10:03.849315Z
2021-01-27T12:10:04.026000Z;200;200;2021-01-27T12:10:04.109593Z
2021-01-27T12:10:04.765000Z;200;200;2021-01-27T12:10:04.801360Z
2021-01-27T12:10:04.777000Z;200;200;2021-01-27T12:10:04.818659Z
2021-01-27T12:10:04.811000Z;200;200;2021-01-27T12:10:04.845986Z
2021-01-27T12:10:04.827000Z;200;200;2021-01-27T12:10:04.859103Z
2021-01-27T12:10:05.141000Z;200;200;2021-01-27T12:10:05.177436Z
2021-01-27T12:10:05.171000Z;200;200;2021-01-27T12:10:05.197488Z
2021-01-27T12:10:05.225000Z;200;200;2021-01-27T12:10:05.249315Z
2021-01-27T12:10:05.592000Z;200;200;2021-01-27T12:10:05.616359Z
2021-01-27T12:10:05.627000Z;200;200;2021-01-27T12:10:05.650005Z
2021-01-27T12:10:05.689000Z;200;200;2021-01-27T12:10:05.715622Z
2021-01-27T12:10:05.908000Z;200;200;2021-01-27T12:10:05.999837Z
2021-01-27T12:10:05.978000Z;200;200;2021-01-27T12:10:06.007388Z
2021-01-27T12:10:06.093000Z;200;200;2021-01-27T12:10:06.138845Z
2021-01-27T12:10:06.706000Z;200;200;2021-01-27T12:10:06.744442Z
2021-01-27T12:10:06.747000Z;200;200;2021-01-27T12:10:06.771895Z
2021-01-27T12:10:07.394000Z;200;200;2021-01-27T12:10:07.432007Z
2021-01-27T12:10:07.454000Z;200;200;2021-01-27T12:10:07.476763Z
2021-01-27T12:10:07.540000Z;200;200;2021-01-27T12:10:07.596435Z
2021-01-27T12:10:07.558000Z;200;200;2021-01-27T12:10:07.610066Z
2021-01-27T12:10:07.597000Z;200;200;2021-01-27T12:10:07.623513Z
2021-01-27T12:10:07.700000Z;200;200;2021-01-27T12:10:07.727224Z
2021-01-27T12:10:07.937000Z;200;200;2021-01-27T12:10:07.966960Z
2021-01-27T12:10:08.683000Z;200;200;2021-01-27T12:10:08.705908Z
2021-01-27T12:10:08.748000Z;200;200;2021-01-27T12:10:08.773718Z
2021-01-27T12:10:08.861000Z;200;200;2021-01-27T12:10:08.888757Z
2021-01-27T12:10:08.889000Z;200;200;2021-01-27T12:10:08.915133Z
2021-01-27T12:10:09.160000Z;200;200;2021-01-27T12:10:09.185740Z
2021-01-27T12:10:09.470000Z;200;200;2021-01-27T12:10:09.499462Z
2021-01-27T12:10:09.653000Z;200;200;2021-01-27T12:10:10.239488Z
2021-01-27T12:10:09.854000Z;200;200;2021-01-27T12:10:09.983296Z
2021-01-27T12:10:10.082000Z;200;200;2021-01-27T12:10:10.153247Z
2021-01-27T12:10:10.199000Z;200;200;2021-01-27T12:10:10.263370Z
2021-01-27T12:10:10.387000Z;200;200;2021-01-27T12:10:10.410825Z
2021-01-27T12:10:10.415000Z;200;200;2021-01-27T12:10:10.444074Z
2021-01-27T12:10:10.591000Z;200;200;2021-01-27T12:10:10.630436Z
2021-01-27T12:10:11.099000Z;200;200;2021-01-27T12:10:11.124435Z
2021-01-27T12:10:11.553000Z;200;200;2021-01-27T12:10:11.580464Z
2021-01-27T12:10:11.574000Z;200;200;2021-01-27T12:10:11.603507Z
2021-01-27T12:10:11.690000Z;200;200;2021-01-27T12:10:11.720092Z
2021-01-27T12:10:11.937000Z;200;200;2021-01-27T12:10:12.003682Z
2021-01-27T12:10:12.105000Z;200;200;2021-01-27T12:10:12.129606Z
2021-01-27T12:10:12.257000Z;200;200;2021-01-27T12:10:12.319002Z
2021-01-27T12:10:12.372000Z;200;200;2021-01-27T12:10:12.399276Z
2021-01-27T12:10:12.435000Z;200;200;2021-01-27T12:10:12.474328Z
2021-01-27T12:10:12.646000Z;200;200;2021-01-27T12:10:12.689815Z
2021-01-27T12:10:12.766000Z;200;200;2021-01-27T12:10:12.793421Z
2021-01-27T12:10:12.783000Z;200;200;2021-01-27T12:10:12.810286Z
2021-01-27T12:10:12.979000Z;200;200;2021-01-27T12:10:13.005470Z
2021-01-27T12:10:13.050000Z;200;200;2021-01-27T12:10:13.081729Z
2021-01-27T12:10:13.112000Z;200;200;2021-01-27T12:10:13.144665Z
2021-01-27T12:10:13.607000Z;200;200;2021-01-27T12:10:13.662423Z
2021-01-27T12:10:13.697000Z;200;200;2021-01-27T12:10:13.748340Z
2021-01-27T12:10:13.701000Z;200;200;2021-01-27T12:10:13.786137Z
2021-01-27T12:10:13.965000Z;200;200;2021-01-27T12:10:13.983899Z
2021-01-27T12:10:14.037000Z;200;200;2021-01-27T12:10:14.076398Z
2021-01-27T12:10:14.102000Z;200;200;2021-01-27T12:10:14.125277Z
2021-01-27T12:10:14.111000Z;200;200;2021-01-27T12:10:14.149876Z
2021-01-27T12:10:14.722000Z;200;200;2021-01-27T12:10:14.748476Z
2021-01-27T12:10:15.295000Z;200;200;2021-01-27T12:10:15.341198Z
2021-01-27T12:10:15.469000Z;200;200;2021-01-27T12:10:15.486963Z
2021-01-27T12:10:15.513000Z;200;200;2021-01-27T12:10:15.570747Z
2021-01-27T12:10:15.814000Z;200;200;2021-01-27T12:10:15.862823Z
2021-01-27T12:10:15.859000Z;200;200;2021-01-27T12:10:15.886091Z
2021-01-27T12:10:16.139000Z;200;200;2021-01-27T12:10:16.188999Z
2021-01-27T12:10:16.144000Z;200;200;2021-01-27T12:10:16.170410Z
2021-01-27T12:10:16.204000Z;200;200;2021-01-27T12:10:16.238066Z
2021-01-27T12:10:16.509000Z;200;200;2021-01-27T12:10:16.532206Z
2021-01-27T12:10:16.547000Z;200;200;2021-01-27T12:10:16.573441Z
2021-01-27T12:10:16.759000Z;200;200;2021-01-27T12:10:16.782585Z
2021-01-27T12:10:16.798000Z;200;200;2021-01-27T12:10:16.822883Z
2021-01-27T12:10:16.926000Z;200;200;2021-01-27T12:10:16.953849Z
2021-01-27T12:10:17.214000Z;200;200;2021-01-27T12:10:17.260977Z
2021-01-27T12:10:17.316000Z;200;200;2021-01-27T12:10:17.344888Z
2021-01-27T12:10:17.363000Z;200;200;2021-01-27T12:10:17.391570Z
2021-01-27T12:10:17.478000Z;200;200;2021-01-27T12:10:17.532572Z
2021-01-27T12:10:17.549000Z;200;200;2021-01-27T12:10:17.592906Z
2021-01-27T12:10:17.612000Z;200;200;2021-01-27T12:10:17.669655Z
2021-01-27T12:10:17.776000Z;200;200;2021-01-27T12:10:17.800182Z
2021-01-27T12:10:18.322000Z;200;200;2021-01-27T12:10:18.349373Z
2021-01-27T12:10:18.443000Z;200;200;2021-01-27T12:10:18.468387Z
2021-01-27T12:10:18.652000Z;200;200;2021-01-27T12:10:18.670558Z
2021-01-27T12:10:18.832000Z;200;200;2021-01-27T12:10:18.945291Z
2021-01-27T12:10:18.845000Z;200;200;2021-01-27T12:10:18.921079Z
2021-01-27T12:10:18.972000Z;200;200;2021-01-27T12:10:19.409551Z
2021-01-27T12:10:19.153000Z;200;200;2021-01-27T12:10:19.192713Z
2021-01-27T12:10:20.470000Z;200;200;2021-01-27T12:10:20.514845Z
2021-01-27T12:10:20.524000Z;200;200;2021-01-27T12:10:20.556646Z
2021-01-27T12:10:20.824000Z;200;200;2021-01-27T12:10:20.875883Z
2021-01-27T12:10:21.093000Z;200;200;2021-01-27T12:10:21.118980Z
2021-01-27T12:10:21.835000Z;200;200;2021-01-27T12:10:21.861006Z
2021-01-27T12:10:22.204000Z;200;200;2021-01-27T12:10:22.232089Z
2021-01-27T12:10:22.267000Z;200;200;2021-01-27T12:10:22.321107Z
2021-01-27T12:10:22.273000Z;200;200;2021-01-27T12:10:22.334267Z
2021-01-27T12:10:22.440000Z;200;200;2021-01-27T12:10:22.463974Z
2021-01-27T12:10:22.496000Z;200;200;2021-01-27T12:10:22.522637Z
2021-01-27T12:10:22.519000Z;200;200;2021-01-27T12:10:22.557730Z
2021-01-27T12:10:22.524000Z;200;200;2021-01-27T12:10:22.556615Z
2021-01-27T12:10:22.608000Z;200;200;2021-01-27T12:10:22.635022Z
2021-01-27T12:10:22.649000Z;200;200;2021-01-27T12:10:22.674708Z
2021-01-27T12:10:22.669000Z;200;200;2021-01-27T12:10:22.693839Z
2021-01-27T12:10:22.838000Z;200;200;2021-01-27T12:10:22.868523Z
2021-01-27T12:10:22.953000Z;200;200;2021-01-27T12:10:22.988745Z
2021-01-27T12:10:22.988000Z;200;200;2021-01-27T12:10:23.016842Z
2021-01-27T12:10:23.125000Z;200;200;2021-01-27T12:10:23.157001Z
2021-01-27T12:10:23.250000Z;200;200;2021-01-27T12:10:23.290814Z
2021-01-27T12:10:23.277000Z;200;200;2021-01-27T12:10:23.318269Z
2021-01-27T12:10:23.300000Z;200;200;2021-01-27T12:10:23.330104Z
2021-01-27T12:10:23.308000Z;200;200;2021-01-27T12:10:23.359975Z
2021-01-27T12:10:23.328000Z;200;200;2021-01-27T12:10:23.359003Z
2021-01-27T12:10:23.468000Z;200;200;2021-01-27T12:10:23.491127Z
2021-01-27T12:10:23.905000Z;200;200;2021-01-27T12:10:23.929021Z
2021-01-27T12:10:24.018000Z;200;200;2021-01-27T12:10:24.041668Z
2021-01-27T12:10:24.038000Z;200;200;2021-01-27T12:10:24.061681Z
2021-01-27T12:10:24.174000Z;200;200;2021-01-27T12:10:24.201215Z
2021-01-27T12:10:24.335000Z;200;200;2021-01-27T12:10:24.363096Z
2021-01-27T12:10:24.479000Z;200;200;2021-01-27T12:10:24.544969Z
2021-01-27T12:10:24.519000Z;200;200;2021-01-27T12:10:24.544747Z
2021-01-27T12:10:24.557000Z;200;200;2021-01-27T12:10:24.599234Z
2021-01-27T12:10:24.705000Z;200;200;2021-01-27T12:10:24.728233Z
2021-01-27T12:10:25.183000Z;200;200;2021-01-27T12:10:25.287735Z
2021-01-27T12:10:25.230000Z;200;200;2021-01-27T12:10:25.309000Z
2021-01-27T12:10:25.301000Z;200;200;2021-01-27T12:10:25.383148Z
2021-01-27T12:10:25.301000Z;200;200;2021-01-27T12:10:25.359144Z
2021-01-27T12:10:25.435000Z;200;200;2021-01-27T12:10:25.464895Z
2021-01-27T12:10:25.528000Z;200;200;2021-01-27T12:10:25.563227Z
2021-01-27T12:10:25.759000Z;200;200;2021-01-27T12:10:25.806713Z
2021-01-27T12:10:25.765000Z;200;200;2021-01-27T12:10:25.805515Z
2021-01-27T12:10:25.830000Z;200;200;2021-01-27T12:10:25.864996Z
2021-01-27T12:10:25.939000Z;200;200;2021-01-27T12:10:25.978119Z
2021-01-27T12:10:26.339000Z;200;200;2021-01-27T12:10:26.384602Z
2021-01-27T12:10:26.416000Z;200;200;2021-01-27T12:10:26.467108Z
2021-01-27T12:10:26.747000Z;200;200;2021-01-27T12:10:26.769924Z
2021-01-27T12:10:26.765000Z;200;200;2021-01-27T12:10:26.788850Z
2021-01-27T12:10:26.826000Z;200;200;2021-01-27T12:10:26.848955Z
2021-01-27T12:10:27.122000Z;200;200;2021-01-27T12:10:27.146230Z
2021-01-27T12:10:27.177000Z;200;200;2021-01-27T12:10:27.203798Z
2021-01-27T12:10:27.247000Z;200;200;2021-01-27T12:10:27.299675Z
2021-01-27T12:10:27.255000Z;200;200;2021-01-27T12:10:27.301640Z
2021-01-27T12:10:27.285000Z;200;200;2021-01-27T12:10:27.312300Z
2021-01-27T12:10:27.439000Z;200;200;2021-01-27T12:10:27.470166Z
2021-01-27T12:10:27.477000Z;200;200;2021-01-27T12:10:27.502679Z
2021-01-27T12:10:27.537000Z;200;200;2021-01-27T12:10:27.561520Z
2021-01-27T12:10:27.682000Z;200;200;2021-01-27T12:10:27.706061Z
2021-01-27T12:10:27.714000Z;200;200;2021-01-27T12:10:27.740316Z
2021-01-27T12:10:28.189000Z;200;200;2021-01-27T12:10:28.216566Z
2021-01-27T12:10:28.199000Z;200;200;2021-01-27T12:10:28.225201Z
2021-01-27T12:10:28.577000Z;200;200;2021-01-27T12:10:28.621620Z
2021-01-27T12:10:28.663000Z;200;200;2021-01-27T12:10:28.700512Z
2021-01-27T12:10:28.822000Z;200;200;2021-01-27T12:10:28.848374Z
2021-01-27T12:10:29.284000Z;200;200;2021-01-27T12:10:29.309633Z
2021-01-27T12:10:29.355000Z;200;200;2021-01-27T12:10:29.382651Z
2021-01-27T12:10:29.637000Z;200;200;2021-01-27T12:10:29.667054Z
2021-01-27T12:10:29.639000Z;200;200;2021-01-27T12:10:29.683139Z
2021-01-27T12:10:29.699000Z;200;200;2021-01-27T12:10:29.727190Z
2021-01-27T12:10:29.762000Z;200;200;2021-01-27T12:10:29.791126Z
2021-01-27T12:10:30.147000Z;200;200;2021-01-27T12:10:30.190637Z
2021-01-27T12:10:30.248000Z;200;200;2021-01-27T12:10:30.280773Z
2021-01-27T12:10:30.252000Z;200;200;2021-01-27T12:10:30.285020Z
2021-01-27T12:10:30.406000Z;200;200;2021-01-27T12:10:30.486800Z
2021-01-27T12:10:30.417000Z;200;200;2021-01-27T12:10:30.454705Z
2021-01-27T12:10:30.426000Z;200;200;2021-01-27T12:10:30.486455Z
2021-01-27T12:10:30.543000Z;200;200;2021-01-27T12:10:30.570338Z
2021-01-27T12:10:30.606000Z;200;200;2021-01-27T12:10:30.634146Z
2021-01-27T12:10:30.723000Z;200;200;2021-01-27T12:10:30.750363Z
2021-01-27T12:10:31.056000Z;200;200;2021-01-27T12:10:31.101760Z
2021-01-27T12:10:31.560000Z;200;200;2021-01-27T12:10:31.629284Z
2021-01-27T12:10:31.640000Z;200;200;2021-01-27T12:10:31.664966Z
2021-01-27T12:10:31.946000Z;200;200;2021-01-27T12:10:32.179230Z
2021-01-27T12:10:31.962000Z;200;200;2021-01-27T12:10:32.173659Z
2021-01-27T12:10:31.963000Z;200;200;2021-01-27T12:10:32.176220Z
2021-01-27T12:10:31.963000Z;200;200;2021-01-27T12:10:32.161043Z
2021-01-27T12:10:32.170000Z;200;200;2021-01-27T12:10:32.852225Z
2021-01-27T12:10:32.279000Z;200;200;2021-01-27T12:10:32.304470Z
2021-01-27T12:10:33.724000Z;200;200;2021-01-27T12:10:33.747697Z
2021-01-27T12:10:33.877000Z;200;200;2021-01-27T12:10:33.901652Z
2021-01-27T12:10:34.351000Z;200;200;2021-01-27T12:10:34.376969Z
2021-01-27T12:10:34.588000Z;200;200;2021-01-27T12:10:34.620812Z
2021-01-27T12:10:34.592000Z;200;200;2021-01-27T12:10:34.636512Z
2021-01-27T12:10:34.975000Z;200;200;2021-01-27T12:10:35.000267Z
2021-01-27T12:10:34.990000Z;200;200;2021-01-27T12:10:35.026477Z
2021-01-27T12:10:35.092000Z;200;200;2021-01-27T12:10:35.146798Z
2021-01-27T12:10:35.100000Z;200;200;2021-01-27T12:10:35.144821Z
2021-01-27T12:10:35.423000Z;200;200;2021-01-27T12:10:35.454495Z
2021-01-27T12:10:35.426000Z;200;200;2021-01-27T12:10:35.453420Z
2021-01-27T12:10:35.614000Z;200;200;2021-01-27T12:10:35.641312Z
2021-01-27T12:10:35.758000Z;200;200;2021-01-27T12:10:35.799212Z
2021-01-27T12:10:36.575000Z;200;200;2021-01-27T12:10:36.600309Z
2021-01-27T12:10:36.998000Z;200;200;2021-01-27T12:10:37.047345Z
2021-01-27T12:10:37.078000Z;200;200;2021-01-27T12:10:37.130046Z
2021-01-27T12:10:37.649000Z;200;200;2021-01-27T12:10:37.668507Z
2021-01-27T12:10:37.994000Z;200;200;2021-01-27T12:10:38.035200Z
2021-01-27T12:10:38.024000Z;200;200;2021-01-27T12:10:38.071170Z
2021-01-27T12:10:38.341000Z;200;200;2021-01-27T12:10:38.849394Z
2021-01-27T12:10:38.597000Z;200;200;2021-01-27T12:10:38.668252Z
2021-01-27T12:10:38.620000Z;200;200;2021-01-27T12:10:38.673360Z
2021-01-27T12:10:38.927000Z;200;200;2021-01-27T12:10:38.985095Z
2021-01-27T12:10:38.933000Z;200;200;2021-01-27T12:10:38.999737Z
2021-01-27T12:10:38.934000Z;200;200;2021-01-27T12:10:38.997298Z
2021-01-27T12:10:39.337000Z;200;200;2021-01-27T12:10:39.380191Z
2021-01-27T12:10:39.517000Z;200;200;2021-01-27T12:10:39.588591Z
2021-01-27T12:10:39.847000Z;200;200;2021-01-27T12:10:39.883346Z
2021-01-27T12:10:39.891000Z;200;200;2021-01-27T12:10:39.919222Z
2021-01-27T12:10:40.321000Z;200;200;2021-01-27T12:10:40.392705Z
2021-01-27T12:10:40.448000Z;200;200;2021-01-27T12:10:40.475824Z
2021-01-27T12:10:40.482000Z;200;200;2021-01-27T12:10:40.509699Z
2021-01-27T12:10:40.510000Z;200;200;2021-01-27T12:10:40.540203Z
2021-01-27T12:10:40.872000Z;200;200;2021-01-27T12:10:40.913140Z
2021-01-27T12:10:41.248000Z;200;200;2021-01-27T12:10:41.302544Z
2021-01-27T12:10:41.255000Z;200;200;2021-01-27T12:10:41.304519Z
2021-01-27T12:10:41.334000Z;200;200;2021-01-27T12:10:41.373086Z
2021-01-27T12:10:42.854000Z;200;200;2021-01-27T12:10:42.884688Z
2021-01-27T12:10:43.362000Z;200;200;2021-01-27T12:10:43.390464Z
2021-01-27T12:10:43.436000Z;200;200;2021-01-27T12:10:43.931109Z
2021-01-27T12:10:43.662000Z;200;200;2021-01-27T12:10:43.724877Z
2021-01-27T12:10:43.696000Z;200;200;2021-01-27T12:10:43.719503Z
2021-01-27T12:10:43.967000Z;200;200;2021-01-27T12:10:43.995053Z
2021-01-27T12:10:44.065000Z;200;200;2021-01-27T12:10:44.105871Z
2021-01-27T12:10:44.540000Z;200;200;2021-01-27T12:10:44.580357Z
2021-01-27T12:10:44.657000Z;200;200;2021-01-27T12:10:44.765861Z
2021-01-27T12:10:44.674000Z;200;200;2021-01-27T12:10:44.776605Z
2021-01-27T12:10:44.859000Z;200;200;2021-01-27T12:10:44.890070Z
2021-01-27T12:10:45.028000Z;200;200;2021-01-27T12:10:45.054471Z
2021-01-27T12:10:45.521000Z;200;200;2021-01-27T12:10:45.545006Z
2021-01-27T12:10:45.773000Z;200;200;2021-01-27T12:10:45.809011Z
2021-01-27T12:10:45.785000Z;200;200;2021-01-27T12:10:45.831581Z
2021-01-27T12:10:45.805000Z;200;200;2021-01-27T12:10:45.837706Z
2021-01-27T12:10:45.817000Z;200;200;2021-01-27T12:10:45.850043Z
2021-01-27T12:10:45.939000Z;200;200;2021-01-27T12:10:45.980246Z
2021-01-27T12:10:46.172000Z;200;200;2021-01-27T12:10:46.192275Z
2021-01-27T12:10:46.200000Z;200;200;2021-01-27T12:10:46.233800Z
2021-01-27T12:10:46.306000Z;200;200;2021-01-27T12:10:46.334897Z
2021-01-27T12:10:46.352000Z;200;200;2021-01-27T12:10:46.391750Z
2021-01-27T12:10:47.327000Z;200;200;2021-01-27T12:10:47.354904Z
2021-01-27T12:10:47.398000Z;200;200;2021-01-27T12:10:47.421805Z
2021-01-27T12:10:47.440000Z;200;200;2021-01-27T12:10:47.470526Z
2021-01-27T12:10:47.535000Z;200;200;2021-01-27T12:10:47.573968Z
2021-01-27T12:10:47.630000Z;200;200;2021-01-27T12:10:47.651802Z
2021-01-27T12:10:47.664000Z;200;200;2021-01-27T12:10:47.692774Z
2021-01-27T12:10:48.440000Z;200;200;2021-01-27T12:10:48.465349Z
2021-01-27T12:10:48.541000Z;200;200;2021-01-27T12:10:48.568130Z
2021-01-27T12:10:48.763000Z;200;200;2021-01-27T12:10:48.787740Z
2021-01-27T12:10:49.872000Z;200;200;2021-01-27T12:10:49.905964Z
2021-01-27T12:10:50.884000Z;200;200;2021-01-27T12:10:50.902746Z
2021-01-27T12:10:50.917000Z;200;200;2021-01-27T12:10:50.934156Z
2021-01-27T12:10:51.017000Z;200;200;2021-01-27T12:10:51.074843Z
2021-01-27T12:10:51.027000Z;200;200;2021-01-27T12:10:51.099152Z
2021-01-27T12:10:51.334000Z;200;200;2021-01-27T12:10:51.385493Z
2021-01-27T12:10:51.335000Z;200;200;2021-01-27T12:10:51.385831Z
2021-01-27T12:10:52.066000Z;200;200;2021-01-27T12:10:52.258067Z
2021-01-27T12:10:52.345000Z;200;200;2021-01-27T12:10:52.396509Z
2021-01-27T12:10:52.347000Z;200;200;2021-01-27T12:10:52.403582Z
2021-01-27T12:10:52.347000Z;200;200;2021-01-27T12:10:52.394489Z
2021-01-27T12:10:52.363000Z;200;200;2021-01-27T12:10:52.407201Z
2021-01-27T12:10:52.640000Z;200;200;2021-01-27T12:10:52.667259Z
2021-01-27T12:10:53.321000Z;200;200;2021-01-27T12:10:53.364236Z
2021-01-27T12:10:53.361000Z;200;200;2021-01-27T12:10:53.413835Z
2021-01-27T12:10:53.416000Z;200;200;2021-01-27T12:10:53.444186Z
2021-01-27T12:10:53.455000Z;200;200;2021-01-27T12:10:53.498901Z
2021-01-27T12:10:53.466000Z;200;200;2021-01-27T12:10:53.510160Z
2021-01-27T12:10:53.481000Z;200;200;2021-01-27T12:10:53.528217Z
2021-01-27T12:10:53.666000Z;200;200;2021-01-27T12:10:53.693708Z
2021-01-27T12:10:53.692000Z;200;200;2021-01-27T12:10:53.729255Z
2021-01-27T12:10:53.745000Z;200;200;2021-01-27T12:10:53.778819Z
2021-01-27T12:10:54.107000Z;200;200;2021-01-27T12:10:54.141226Z
2021-01-27T12:10:54.369000Z;200;200;2021-01-27T12:10:54.389235Z
2021-01-27T12:10:54.370000Z;200;200;2021-01-27T12:10:54.396814Z
2021-01-27T12:10:54.621000Z;200;200;2021-01-27T12:10:54.638356Z
2021-01-27T12:10:54.706000Z;200;200;2021-01-27T12:10:54.730738Z
2021-01-27T12:10:54.848000Z;200;200;2021-01-27T12:10:54.873203Z
2021-01-27T12:10:55.028000Z;200;200;2021-01-27T12:10:55.066913Z
2021-01-27T12:10:55.076000Z;200;200;2021-01-27T12:10:55.102574Z
2021-01-27T12:10:55.134000Z;200;200;2021-01-27T12:10:55.170709Z
2021-01-27T12:10:56.329000Z;200;200;2021-01-27T12:10:56.362817Z
2021-01-27T12:10:56.565000Z;200;200;2021-01-27T12:10:56.587179Z
2021-01-27T12:10:56.740000Z;200;200;2021-01-27T12:10:56.769891Z
2021-01-27T12:10:56.994000Z;200;200;2021-01-27T12:10:57.051699Z
2021-01-27T12:10:57.246000Z;200;200;2021-01-27T12:10:57.273011Z
2021-01-27T12:10:57.409000Z;200;200;2021-01-27T12:10:57.613446Z
2021-01-27T12:10:57.642000Z;200;200;2021-01-27T12:10:58.099195Z
2021-01-27T12:10:57.818000Z;200;200;2021-01-27T12:10:57.846107Z
2021-01-27T12:10:58.091000Z;200;200;2021-01-27T12:10:58.112460Z
2021-01-27T12:10:58.420000Z;200;200;2021-01-27T12:10:59.266966Z
2021-01-27T12:10:58.425000Z;200;200;2021-01-27T12:10:59.285010Z
2021-01-27T12:10:58.627000Z;200;200;2021-01-27T12:10:58.664846Z
2021-01-27T12:10:58.752000Z;200;200;2021-01-27T12:10:58.797509Z
2021-01-27T12:10:59.009000Z;200;200;2021-01-27T12:10:59.096754Z
2021-01-27T12:10:59.054000Z;200;200;2021-01-27T12:10:59.202955Z
2021-01-27T12:10:59.063000Z;200;200;2021-01-27T12:10:59.169805Z
2021-01-27T12:10:59.063000Z;200;200;2021-01-27T12:10:59.209980Z
2021-01-27T12:10:59.140000Z;200;200;2021-01-27T12:10:59.199495Z
2021-01-27T12:11:00.221000Z;200;200;2021-01-27T12:11:00.327988Z
2021-01-27T12:11:00.261000Z;200;200;2021-01-27T12:11:00.311129Z
2021-01-27T12:11:00.393000Z;200;200;2021-01-27T12:11:00.433676Z
2021-01-27T12:11:00.462000Z;200;200;2021-01-27T12:11:00.518947Z
2021-01-27T12:11:00.839000Z;200;200;2021-01-27T12:11:00.862805Z
2021-01-27T12:11:00.962000Z;200;200;2021-01-27T12:11:00.989718Z
2021-01-27T12:11:01.196000Z;200;200;2021-01-27T12:11:01.229248Z
2021-01-27T12:11:01.257000Z;200;200;2021-01-27T12:11:01.289405Z
2021-01-27T12:11:01.319000Z;200;200;2021-01-27T12:11:01.357783Z
2021-01-27T12:11:01.578000Z;200;200;2021-01-27T12:11:01.607280Z
2021-01-27T12:11:01.624000Z;200;200;2021-01-27T12:11:01.652343Z
2021-01-27T12:11:01.897000Z;200;200;2021-01-27T12:11:02.006979Z
2021-01-27T12:11:01.910000Z;200;200;2021-01-27T12:11:01.976526Z
2021-01-27T12:11:02.041000Z;200;200;2021-01-27T12:11:02.090835Z
2021-01-27T12:11:02.218000Z;200;200;2021-01-27T12:11:02.263088Z
2021-01-27T12:11:02.791000Z;200;200;2021-01-27T12:11:02.824841Z
2021-01-27T12:11:02.934000Z;200;200;2021-01-27T12:11:02.963862Z
2021-01-27T12:11:02.993000Z;200;200;2021-01-27T12:11:03.031108Z
2021-01-27T12:11:03.335000Z;200;200;2021-01-27T12:11:03.357361Z
2021-01-27T12:11:03.605000Z;200;200;2021-01-27T12:11:03.660215Z
2021-01-27T12:11:04.237000Z;200;200;2021-01-27T12:11:04.280838Z
2021-01-27T12:11:04.245000Z;200;200;2021-01-27T12:11:04.289631Z
2021-01-27T12:11:04.249000Z;200;200;2021-01-27T12:11:04.306971Z
2021-01-27T12:11:04.583000Z;200;200;2021-01-27T12:11:04.659758Z
2021-01-27T12:11:04.950000Z;200;200;2021-01-27T12:11:05.005073Z
2021-01-27T12:11:05.342000Z;200;200;2021-01-27T12:11:05.370870Z
2021-01-27T12:11:05.509000Z;200;200;2021-01-27T12:11:05.561347Z
2021-01-27T12:11:06.349000Z;200;200;2021-01-27T12:11:06.387037Z
2021-01-27T12:11:06.362000Z;200;200;2021-01-27T12:11:06.401403Z
2021-01-27T12:11:06.369000Z;200;200;2021-01-27T12:11:06.403790Z
2021-01-27T12:11:06.780000Z;200;200;2021-01-27T12:11:06.808110Z
2021-01-27T12:11:07.269000Z;200;200;2021-01-27T12:11:07.319393Z
2021-01-27T12:11:07.284000Z;200;200;2021-01-27T12:11:07.369828Z
2021-01-27T12:11:07.480000Z;200;200;2021-01-27T12:11:07.518346Z
2021-01-27T12:11:07.670000Z;200;200;2021-01-27T12:11:07.711039Z
2021-01-27T12:11:07.882000Z;200;200;2021-01-27T12:11:07.906801Z
2021-01-27T12:11:08.099000Z;200;200;2021-01-27T12:11:08.123379Z
2021-01-27T12:11:08.601000Z;200;200;2021-01-27T12:11:08.656959Z
2021-01-27T12:11:08.727000Z;200;200;2021-01-27T12:11:08.760123Z
2021-01-27T12:11:08.962000Z;200;200;2021-01-27T12:11:09.018742Z
2021-01-27T12:11:08.973000Z;200;200;2021-01-27T12:11:09.031157Z
2021-01-27T12:11:09.004000Z;200;200;2021-01-27T12:11:09.065743Z
2021-01-27T12:11:09.172000Z;200;200;2021-01-27T12:11:09.242522Z
2021-01-27T12:11:09.690000Z;200;200;2021-01-27T12:11:09.936010Z
2021-01-27T12:11:09.777000Z;200;200;2021-01-27T12:11:09.809314Z
2021-01-27T12:11:09.956000Z;200;200;2021-01-27T12:11:10.885544Z
2021-01-27T12:11:10.145000Z;200;200;2021-01-27T12:11:10.181190Z
2021-01-27T12:11:10.872000Z;200;200;2021-01-27T12:11:10.964422Z
2021-01-27T12:11:11.070000Z;200;200;2021-01-27T12:11:12.594025Z
2021-01-27T12:11:11.304000Z;200;200;2021-01-27T12:11:11.444624Z
2021-01-27T12:11:11.339000Z;200;200;2021-01-27T12:11:11.402157Z
2021-01-27T12:11:11.838000Z;200;200;2021-01-27T12:11:11.953246Z
2021-01-27T12:11:12.034000Z;200;200;2021-01-27T12:11:12.173212Z
2021-01-27T12:11:12.292000Z;200;200;2021-01-27T12:11:12.351547Z
2021-01-27T12:11:12.307000Z;200;200;2021-01-27T12:11:12.443939Z
2021-01-27T12:11:12.380000Z;200;200;2021-01-27T12:11:12.592175Z
2021-01-27T12:11:13.071000Z;200;200;2021-01-27T12:11:13.097380Z
2021-01-27T12:11:13.176000Z;200;200;2021-01-27T12:11:13.200293Z
2021-01-27T12:11:13.263000Z;200;200;2021-01-27T12:11:13.288012Z
2021-01-27T12:11:13.485000Z;200;200;2021-01-27T12:11:13.521954Z
2021-01-27T12:11:13.762000Z;200;200;2021-01-27T12:11:13.788581Z
2021-01-27T12:11:14.183000Z;200;200;2021-01-27T12:11:14.225977Z
2021-01-27T12:11:14.204000Z;200;200;2021-01-27T12:11:14.258824Z
2021-01-27T12:11:14.293000Z;200;200;2021-01-27T12:11:14.318552Z
2021-01-27T12:11:14.537000Z;200;200;2021-01-27T12:11:14.575957Z
